userId,movieId,rating,pred_null,pred_null_clamped,pred_associative,pred_associative_residual,residual_term
93681,3598,4.0,2.966269793438256,2.966269793438256,3.291385546719277,2.966045851686176,-0.00022394175208002734
93681,2329,5.0,3.7029834710829856,3.7029834710829856,4.174560447350315,3.723400695346844,0.020417224263858377
93681,1393,4.0,3.1676853135996463,3.1676853135996463,3.4993800661763284,3.172320766083582,0.0046354524839358185
93681,1682,5.0,3.464539738821328,3.464539738821328,4.151931025388534,3.486988645935399,0.022448907114071392
93681,2791,2.0,3.379630299734414,3.379630299734414,4.064213096732692,3.3533616917801425,-0.026268607954271293
73604,6173,1.0,2.5948488213890197,2.5948488213890197,2.7467129401438455,2.5928527658233196,-0.0019960555657002805
73604,5172,1.0,1.613227459120095,1.613227459120095,1.7797253229353514,1.607274766523738,-0.005952692596357089
73604,5483,1.0,2.5975868501537445,2.5975868501537445,2.758545640645455,2.6087799211651275,0.011193071011383091
73604,5073,1.0,2.5491831251257064,2.5491831251257064,2.588527024230187,2.533982912919658,-0.015200212206048377
73604,3713,1.0,2.7417030506604316,2.7417030506604316,2.9603350372127317,2.733940600336627,-0.007762450323804645
94694,3301,5.0,3.3283510883175733,3.3283510883175733,3.3796027913555133,3.32622849068779,-0.002122597629783199
94694,3555,4.0,3.3147569526755216,3.3147569526755216,3.5720587533426835,3.3162680709474133,0.0015111182718917718
94694,3298,4.0,3.475202430489004,3.475202430489004,3.7239181088691367,3.470378834538391,-0.004823595950612784
94694,3745,3.0,3.2475467701279523,3.2475467701279523,3.150688682630934,3.252431049886753,0.004884279758800888
94694,3755,3.0,3.058907069715202,3.058907069715202,3.354679394690157,3.0568339791782155,-0.0020730905369867342
28082,653,5.0,3.6929044448607566,3.6929044448607566,4.1739427782942915,3.7071993709966473,0.014294926135890479
28082,415,4.0,3.2870204173796775,3.2870204173796775,4.089179717747269,3.290012945320828,0.0029925279411508513
28082,93,3.0,2.9766598664992454,2.9766598664992454,3.6108926507713415,2.977317855802976,0.0006579893037306057
28082,426,4.0,3.586294504331887,3.586294504331887,4.109786040213232,3.5845833838410552,-0.0017111204908318144
28082,20,5.0,3.3483057343238,3.3483057343238,3.99344880208142,3.350411044143357,0.0021053098195571835
127870,52973,2.0,3.097724827455819,3.097724827455819,3.7083279285274378,3.118503792918285,0.020778965462465854
127870,109487,2.5,3.8437894009822013,3.8437894009822013,3.8934008996623963,3.78315076396351,-0.06063863701869135
127870,34437,4.5,3.3105319053702953,3.3105319053702953,3.7648538537287615,3.328712281907198,0.018180376536902774
127870,3521,5.0,3.594509663509667,3.594509663509667,3.815695408659194,3.5986186071151263,0.00410894360545927
127870,5672,0.5,1.2124416851275566,1.2124416851275566,1.6748674458205954,1.2122088550687578,-0.00023283005879879662
140569,1663,3.0,3.6329070445918443,3.6329070445918443,4.216653387081803,3.6342712949356653,0.0013642503438208277
140569,1135,4.0,3.07163518339628,3.07163518339628,3.7187245998915586,3.0841767392255397,0.012541555829259823
140569,726,3.0,3.1161199477338197,3.1161199477338197,3.4430052139706167,3.116216038625311,9.609089149147858e-05
140569,1345,3.0,3.4606263679289224,3.4606263679289224,3.9107231437946766,3.444545849093678,-0.016080518835244556
140569,886,4.0,3.027967747750223,3.027967747750223,2.9655851295632494,3.025745255297495,-0.002222492452728285
167192,1196,2.0,4.24165185027057,4.24165185027057,4.5139426802526295,3.611074360610507,-0.6305774896600626
167192,590,5.0,3.840106742905915,3.840106742905915,4.309466906560271,3.921041711169175,0.08093496826325983
167192,32,4.0,4.021364527272523,4.021364527272523,4.15462826134047,3.9714288511060625,-0.049935676166460184
167192,1013,3.0,3.5468076341622474,3.5468076341622474,3.972239569225694,3.553030250104524,0.006222615942276402
167192,2352,3.0,3.835037218856156,3.835037218856156,4.4484866319180645,3.8413305436912433,0.006293324835087065
40102,1639,5.0,3.8830648758285644,3.8830648758285644,4.193210017157613,3.884168973578113,0.001104097749548757
40102,1341,3.0,3.226593973564446,3.226593973564446,3.6186961399956212,3.2265635954995817,-3.037806486471767e-05
40102,518,2.0,2.9787847422831657,2.9787847422831657,3.424992086548152,2.978531784480236,-0.00025295780292968015
40102,1327,3.0,3.2211151146166923,3.2211151146166923,3.6569258181619464,3.2168532905709264,-0.004261824045765871
40102,575,3.0,3.2737318300479057,3.2737318300479057,3.587528626362466,3.273914475254962,0.00018264520705634944
109720,4878,0.5,3.14335754744941,3.14335754744941,3.4007402242895504,3.125913631731291,-0.017443915718119055
109720,780,2.5,2.588925632166207,2.588925632166207,2.9947927536298242,2.600967977665954,0.012042345499746906
109720,589,3.5,3.169812592195809,3.169812592195809,3.48720642136555,3.1750893357060987,0.005276743510289721
109720,318,3.5,3.6123616420500877,3.6123616420500877,3.981053712848799,3.6673230374382277,0.05496139538814007
109720,590,2.5,2.9366127573722007,2.9366127573722007,3.006154605165376,3.0043975455847653,0.06778478821256442
167266,1307,3.0,3.8667781115346553,3.8667781115346553,4.143755874554233,3.825794498368646,-0.04098361316600926
167266,1296,5.0,3.9597173095517757,3.9597173095517757,4.042447914389888,3.952551197273112,-0.007166112278663552
167266,17,5.0,3.9760093153291347,3.9760093153291347,4.0053865998787455,3.956768318622658,-0.019240996706476995
167266,1357,2.0,3.89239234335953,3.89239234335953,3.9429835275803393,3.8938761046321315,0.0014837612726013825
167266,8665,5.0,3.876323080139697,3.876323080139697,4.214196878248476,3.905177933268421,0.028854853128724163
45602,5515,4.0,3.6551657938235405,3.6551657938235405,4.42017240910261,3.6649068870647246,0.00974109324118393
45602,5477,2.5,3.479269246088803,3.479269246088803,4.057580467369299,3.476122696431363,-0.003146549657440119
45602,77455,3.0,3.7241417490714195,3.7241417490714195,4.467326111871706,3.7186838308020316,-0.005457918269387791
45602,64278,4.0,3.626647206472695,3.626647206472695,4.362438957146713,3.631729909790988,0.0050827033182929155
45602,3181,3.0,3.4614396341913345,3.4614396341913345,4.099743665295105,3.4641029681195015,0.0026633339281670323
126468,185,4.0,3.3370809429162147,3.3370809429162147,4.300582576442961,3.3685229723646724,0.03144202944845752
126468,266,4.0,3.7416997053497436,3.7416997053497436,4.639074678355597,3.773965333222775,0.03226562787303135
126468,22,3.0,3.551995369123757,3.551995369123757,4.42136924028889,3.559991355281191,0.007995986157433611
126468,225,2.0,3.517544018554032,3.517544018554032,4.4441870224528675,3.529189586595813,0.011645568041780966
126468,236,3.0,3.553144427465737,3.553144427465737,4.4410466270193085,3.5645555734367975,0.011411145971060365
133478,4896,5.0,4.2048381739133,4.2048381739133,4.538550264524957,4.229041680331112,0.024203506417812014
133478,1374,5.0,4.223144935893357,4.223144935893357,4.922877590441586,4.231394677889342,0.008249741995984728
133478,2006,4.0,3.8007198893302085,3.8007198893302085,4.323683826669345,3.8125290260064606,0.01180913667625194
133478,2640,5.0,3.913994195389092,3.913994195389092,4.566971612286477,3.9079826988860162,-0.006011496503075899
133478,2987,5.0,4.068270326110065,4.068270326110065,4.639755848733395,4.046655707780396,-0.021614618329668926
19565,151,4.0,3.6351793068298104,3.6351793068298104,3.7724160883505173,3.6260729254314343,-0.009106381398376138
19565,8167,5.0,3.9096191623085144,3.9096191623085144,4.190203687684611,3.914286091641885,0.004666929333370666
19565,4886,4.0,3.9434331753128173,3.9434331753128173,4.387531397367679,4.106219555715123,0.1627863804023062
19565,7482,4.0,3.863053704129994,3.863053704129994,4.222280333705988,3.868764496871386,0.005710792741391653
19565,8207,4.5,4.02511147640878,4.02511147640878,4.3081681961148135,4.031550347587864,0.0064388711790835575
168605,164179,4.5,3.789257469105065,3.789257469105065,4.1782106432063895,3.7935421876541167,0.0042847185490514405
168605,541,4.5,3.8541905903094413,3.8541905903094413,4.22760120716411,3.851773674331897,-0.0024169159775443818
168605,7096,4.0,3.7142119132750633,3.7142119132750633,3.744984704387006,3.714432505670518,0.00022059239545459196
168605,1393,3.0,3.3392481342726352,3.3392481342726352,3.4165585537083203,3.3276273413143334,-0.011620792958301922
168605,1580,3.0,3.33809539161855,3.33809539161855,3.6831971342154604,3.3477107976099294,0.009615405991379328
131336,30822,3.0,3.6450658463709953,3.6450658463709953,4.002122784097449,3.6446797369959985,-0.00038610937499689805
131336,2125,5.0,3.914407084214032,3.914407084214032,4.462356736635806,3.9161368912675893,0.0017298070535573507
131336,168712,0.5,2.7585013829939964,2.7585013829939964,3.192123950343906,2.770215681883302,0.011714298889305558
131336,2336,4.0,4.145925941395104,4.145925941395104,4.458534503773633,4.139662785557263,-0.006263155837840783
131336,85438,4.5,3.9942812048667076,3.9942812048667076,4.35344694618421,3.99366445984693,-0.0006167450197775883
62710,1304,4.0,3.8936461531394126,3.8936461531394126,4.504970633522241,3.9164575338979897,0.022811380758576923
62710,4444,2.0,3.518463986443818,3.518463986443818,3.718665585715276,3.519766347327112,0.001302360883294349
62710,910,4.0,3.8993742191069725,3.8993742191069725,4.465632979717387,3.9374968225919265,0.03812260348495422
62710,2580,3.0,3.534742104338944,3.534742104338944,3.8381227746621245,3.542414506036704,0.007672401697759709
62710,1213,4.0,4.0402903877967,4.0402903877967,4.310345504873577,4.099725968581565,0.059435580784864314
185180,6,4.5,4.033561381029427,4.033561381029427,4.282885672587373,4.0382776189475145,0.004716237918087524
185180,58,4.0,4.132759036945641,4.132759036945641,4.722078157309643,4.13352792760459,0.0007688906589488626
185180,2313,2.5,4.078313978838265,4.078313978838265,4.927247894479892,4.076316427164282,-0.0019975516739832223
185180,290,2.0,4.144624831604302,4.144624831604302,4.79766068587611,4.144454264874263,-0.00017056673003999138
185180,1635,4.0,3.952832909750283,3.952832909750283,4.628019449952693,3.952836092163,3.1824127170619262e-06
40370,210539,5.0,4.262451323198617,4.262451323198617,4.429003284007661,4.26260166241637,0.00015033921775305778
40370,205441,3.0,4.25765455000335,4.25765455000335,4.58390729110801,4.251107724274042,-0.006546825729308431
40370,208205,5.0,3.320378246235192,3.320378246235192,3.448520398159603,3.329734787910393,0.009356541675201082
40370,206857,5.0,4.12628118179971,4.12628118179971,4.473261452819262,4.12608911551184,-0.00019206628786960192
40370,2355,4.0,4.0209927954548,4.0209927954548,4.050076599110464,3.969882514171804,-0.051110281282996634
23031,2804,5.0,4.769278379606545,4.769278379606545,5.0,4.746114638597636,-0.023163741008909566
23031,1246,5.0,4.734771253990472,4.734771253990472,5.0,4.818958882016654,0.08418762802618243
23031,8970,5.0,4.4728007488721016,4.4728007488721016,4.835803070774934,4.505596009517759,0.03279526064565676
23031,6373,5.0,4.023841830419839,4.023841830419839,4.478118945779437,4.146310501276426,0.12246867085658755
23031,34162,4.5,4.222052434908688,4.222052434908688,4.594396580056431,4.280260008521586,0.058207573612897634
165212,2409,4.0,3.7729297303431633,3.7729297303431633,4.243305532373475,3.7554956348030504,-0.01743409554011287
165212,2412,2.0,2.8191711031668785,2.8191711031668785,3.1140277372179885,2.809419456376728,-0.009751646790150604
165212,2411,2.0,3.453661950754464,3.453661950754464,3.802730374560957,3.4332145954633106,-0.020447355291153373
165212,2410,4.0,3.5338899218314292,3.5338899218314292,3.9565711036041877,3.5175331134499204,-0.016356808381508953
165212,1394,4.0,4.413799377607644,4.413799377607644,5.0,4.451693064816035,0.03789368720839147
105618,595,4.0,3.6821720667486044,3.6821720667486044,3.787428369958749,3.713381961424094,0.03120989467548984
105618,39,3.5,3.431984051347241,3.431984051347241,3.461191024205452,3.439251828883513,0.007267777536272014
105618,96588,4.0,3.5069413960282656,3.5069413960282656,3.7833104025651245,3.5001712557633793,-0.006770140264886317
105618,72737,1.5,3.498535613745913,3.498535613745913,3.6605813995174086,3.5009284995733623,0.0023928858274492974
105618,40629,3.5,3.845605573833451,3.845605573833451,4.159262264587839,3.8401161623696387,-0.005489411463812398
25742,1233,4.0,4.278032320069611,4.278032320069611,4.793376851407022,4.270039090572736,-0.007993229496875346
25742,4857,4.0,4.0502680414193275,4.0502680414193275,4.2573372000785445,4.047832130584182,-0.002435910835144925
25742,1220,4.0,3.949741023110688,3.949741023110688,4.675226494480387,3.9469800999100664,-0.0027609232006214463
25742,3545,4.0,4.014993923234284,4.014993923234284,4.204435722494482,4.012396983251427,-0.002596939982857706
25742,1387,4.0,3.9337480687373283,3.9337480687373283,4.613446930409001,3.9183357398320697,-0.015412328905258484
17942,208,3.0,2.293019505667031,2.293019505667031,2.538266933926346,2.2424658620458953,-0.05055364362113565
17942,1777,3.5,2.8036846839659813,2.8036846839659813,3.17256668750975,2.766141421358698,-0.03754326260728357
17942,4370,2.5,2.7065755450003746,2.7065755450003746,3.2912646982713794,2.7221836894730984,0.015608144472723955
17942,288,3.5,2.6771831833594444,2.6771831833594444,3.023031962894489,2.6961559471532537,0.018972763793809237
17942,8984,3.5,2.7556573175662162,2.7556573175662162,3.0095727423433636,2.7537423784406623,-0.0019149391255538738
74426,4370,5.0,4.339833112882912,4.339833112882912,4.920205328244672,4.325414137815343,-0.014418975067569853
74426,3994,5.0,4.557762677299321,4.557762677299321,5.0,4.546321713715659,-0.01144096358366224
74426,5995,5.0,5.101479622053445,5.0,5.0,5.0,-0.03235887104461189
74426,5618,5.0,5.261819454359353,5.0,5.0,5.0,0.057013057809251255
74426,5989,5.0,5.005516233372033,5.0,5.0,4.980173333075593,-0.025342900296440506
65383,5152,4.0,3.996687356831968,3.996687356831968,4.402375738178091,4.013548420229598,0.016861063397630098
65383,47610,5.0,4.231787862705529,4.231787862705529,4.833305984874653,4.23450131750816,0.002713454802631205
65383,26322,4.0,3.653353216575921,3.653353216575921,3.777589823315675,3.653821377339073,0.0004681607631523485
65383,8131,5.0,4.140027212428391,4.140027212428391,4.620897287499234,4.14080498110188,0.0007777686734889845
65383,4148,4.5,3.6636246167891624,3.6636246167891624,4.092732517860644,3.667548353997219,0.0039237372080567
95515,110,4.0,4.757252874302209,4.757252874302209,4.783907692193487,4.795743073897411,0.038490199595202224
95515,1198,5.0,4.880449148344338,4.880449148344338,5.0,5.0,0.12166357101469069
95515,59784,5.0,4.387926990615666,4.387926990615666,5.0,4.423548720641133,0.035621730025466744
95515,7143,3.5,4.435846986698449,4.435846986698449,4.714090353685375,4.509523345881609,0.07367635918316041
95515,6502,1.0,4.540904717969239,4.540904717969239,4.703971930952251,4.418216472800037,-0.12268824516920239
71129,188187,4.0,3.4372515403502586,3.4372515403502586,3.9930581168026436,3.4411928121405784,0.003941271790319939
71129,85414,4.0,4.292828338670075,4.292828338670075,5.0,4.326328855630722,0.033500516960646716
71129,96079,4.0,4.2806854420178535,4.2806854420178535,5.0,4.32006237973211,0.03937693771425656
71129,5989,4.0,4.499308767246545,4.499308767246545,4.99462816299635,4.350233818284017,-0.14907494896252813
71129,182777,3.0,3.8094660364859703,3.8094660364859703,4.177628223821646,3.8096853064790923,0.00021926999312202712
73054,1061,4.0,3.4251353614800575,3.4251353614800575,3.755029544879979,3.470315054832783,0.0451796933527256
73054,3006,4.0,3.705286922382653,3.705286922382653,3.9186122481668897,3.6739858183118836,-0.031301104070769165
73054,266,3.0,3.295701945649922,3.295701945649922,3.4722605412947334,3.4005307169483125,0.10482877129839058
73054,1339,3.5,3.2494642012589576,3.2494642012589576,3.550186337606739,3.3401455608174837,0.09068135955852606
73054,2297,3.5,3.118221493887246,3.118221493887246,3.4392929579908715,3.1671431658906775,0.048921672003431435
101531,95510,2.5,3.3092218362563255,3.3092218362563255,3.350704882794706,3.241061012746166,-0.06816082351015923
101531,91630,2.5,3.727607692109883,3.727607692109883,3.8292737099927017,3.6969052552804804,-0.030702436829402446
101531,54997,3.0,3.7977936738007667,3.7977936738007667,4.0941292865902135,3.792736899353193,-0.005056774447573796
101531,3354,2.5,2.7374758743517997,2.7374758743517997,2.887506260046476,2.7085953415659674,-0.028880532785832514
101531,30812,3.0,3.6840653889649513,3.6840653889649513,4.050975766007944,3.6931681859090237,0.009102796944072535
140566,130970,5.0,3.870370941685975,3.870370941685975,4.21428408658831,3.874616961413121,0.004246019727146162
140566,90719,2.5,2.933270054387391,2.933270054387391,3.0311123849515305,2.933608463100877,0.0003384087134862705
140566,140265,5.0,3.8652541213505867,3.8652541213505867,4.194979175895899,3.868258521317678,0.0030043999670914473
140566,1909,4.0,3.1944057815545204,3.1944057815545204,3.748365725364039,3.197036604622533,0.002630823068012874
140566,170357,4.0,3.5900431298487785,3.5900431298487785,3.8218676198793604,3.5943035296582053,0.0042603998094268205
111601,3980,5.0,4.458728509473145,4.458728509473145,5.0,4.460402082578638,0.00167357310549283
111601,3955,5.0,3.328681322264016,3.328681322264016,3.968411547824193,3.331676594028879,0.0029952717648627234
111601,1923,5.0,4.33731241382891,4.33731241382891,4.996840316039269,4.334281971391267,-0.0030304424376428043
111601,839,2.0,3.560371252226174,3.560371252226174,4.243037137573131,3.566006001981272,0.005634749755097761
111601,435,3.0,3.4066973649733665,3.4066973649733665,3.738536184552615,3.4237858907651426,0.017088525791776124
149155,2987,4.0,3.289291054459751,3.289291054459751,3.8586924012515222,3.345587630645338,0.05629657618558698
149155,3793,3.0,3.272457737459332,3.272457737459332,3.8942474682958377,3.357080897952125,0.08462316049279316
149155,2907,1.0,2.2513872408145073,2.2513872408145073,2.6248455920186284,2.2505534441337054,-0.0008337966808016741
149155,3745,3.0,3.008705588506997,3.008705588506997,3.3992832184301927,3.0099157632448907,0.0012101747378938806
149155,2702,2.0,2.8226464115851524,2.8226464115851524,3.3185158621081032,2.8244153365568785,0.0017689249717258888
7489,64034,4.5,3.882362144517243,3.882362144517243,4.431956293312757,3.884450085914894,0.002087941397650784
7489,105355,3.0,3.8280898504727485,3.8280898504727485,4.395579468807935,3.830721490987332,0.0026316405145835747
7489,70183,2.5,3.333258809971154,3.333258809971154,3.5214342480344087,3.327773095602544,-0.005485714368609594
7489,69712,3.0,3.644842209743798,3.644842209743798,3.8941915552127764,3.6451264262376615,0.00028421649386325444
7489,92259,5.0,4.217921706365884,4.217921706365884,4.935237496071318,4.224579703601145,0.006657997235260851
157741,5445,4.5,3.797540860699952,3.797540860699952,4.424979515479611,3.85754747367908,0.06000661297912797
157741,4148,4.0,3.3364654057496193,3.3364654057496193,3.756067816239538,3.37451088154876,0.038045475799140846
157741,5377,4.0,3.727069410013497,3.727069410013497,4.039255195341057,3.7474555081248124,0.020386098111315358
157741,27660,5.0,3.7540454068058136,3.7540454068058136,4.06632936742471,3.8014257063620938,0.04738029955628013
157741,5785,2.5,3.0239491336815956,3.0239491336815956,3.421341727098859,2.9982117375612027,-0.025737396120392775
86899,1591,4.0,2.645247267542869,2.645247267542869,3.111334478820532,2.6525764721008485,0.007329204557979208
86899,1831,3.0,2.591891096888572,2.591891096888572,3.0906677710178934,2.592464167233905,0.000573070345332943
86899,1544,3.0,3.017993019877464,3.017993019877464,3.534223066532556,3.026249020716747,0.00825600083928298
86899,1917,2.0,3.0119468439207377,3.0119468439207377,3.3662715478198453,3.010779001527327,-0.001167842393410527
86899,2105,1.0,3.340803148208648,3.340803148208648,4.045471899680399,3.34048085127821,-0.00032229693043796703
111326,2115,4.0,3.980618285464585,3.980618285464585,4.598710816750528,4.021993117113277,0.04137483164869166
111326,1465,4.0,3.7839804538362625,3.7839804538362625,4.098885237860868,3.783975108421807,-5.3454144555234055e-06
111326,1517,5.0,3.6950559639208915,3.6950559639208915,4.3175618997609,3.7790737473108496,0.08401778338995786
111326,587,4.0,3.7238497384660842,3.7238497384660842,4.344180114031192,3.7239457609019366,9.602243585218884e-05
111326,1894,3.0,3.1219332241290214,3.1219332241290214,3.6632991567082485,3.137355380050529,0.015422155921507755
74391,215,1.0,4.098961579131425,4.098961579131425,4.431034789868156,4.101995593389865,0.0030340142584404086
74391,354,4.0,3.3041529231541755,3.3041529231541755,4.0425823657842095,3.3053838934023343,0.0012309702481589362
74391,213,5.0,4.172648566293061,4.172648566293061,4.510868304936144,4.179834249661404,0.007185683368343157
74391,460,1.0,2.5861011915677192,2.5861011915677192,3.454879459798237,2.585657249064906,-0.0004439425028133421
74391,724,3.0,3.2587875597947242,3.2587875597947242,3.7726255623846265,3.253461623402079,-0.0053259363926450275
126814,98809,5.0,3.8168754973285797,3.8168754973285797,4.6856301245445575,3.8285168338528544,0.011641336524274485
126814,117529,3.0,3.463921310829461,3.463921310829461,4.1895910143058614,3.4712017887254407,0.007280477895979909
126814,7293,3.0,3.474904420303643,3.474904420303643,3.92703805356918,3.4820921073018156,0.007187686998172835
126814,318,3.5,4.600562813209832,4.600562813209832,4.650034601741081,4.594880842166401,-0.0056819710434306055
126814,79132,4.5,4.353101911472619,4.353101911472619,4.971633299536215,4.3517226079440805,-0.0013793035285385455
141597,7099,3.5,3.7114946567290428,3.7114946567290428,3.8393061938046,3.721639283450991,0.010144626721948104
141597,33838,4.5,3.0988478683703544,3.0988478683703544,3.239427209135181,3.1006166619589925,0.001768793588637918
141597,7438,1.5,3.4272500001662376,3.4272500001662376,3.8322447488390927,3.484528911753467,0.057278911587229434
141597,31878,5.0,3.375363605546296,3.375363605546296,3.4616895438094457,3.3972308183821567,0.02186721283586075
141597,7361,3.5,3.6680191480391624,3.6680191480391624,4.110344598216933,3.73154770925687,0.06352856121770753
171766,5617,4.5,3.9911932521336677,3.9911932521336677,4.308278028109781,3.9932721369998574,0.0020788848661897107
171766,206419,4.5,3.9983468227856758,3.9983468227856758,4.722717335065823,3.998687260294698,0.00034043750902231054
171766,83270,5.0,3.863720680105031,3.863720680105031,4.452803975656569,3.863810961090554,9.028098552346902e-05
171766,107883,4.5,4.1601603054278495,4.1601603054278495,4.850815219330424,4.160355810102513,0.00019550467466353954
171766,55247,3.5,4.130121918844521,4.130121918844521,4.978509996558736,4.131440510613823,0.0013185917693014728
161695,62437,4.5,3.1903782510035636,3.1903782510035636,3.1131184586565306,3.1912362018037754,0.0008579508002118286
161695,2692,4.0,4.071989687609017,4.071989687609017,4.666384494231833,4.228062396502442,0.15607270889342476
161695,5598,3.0,2.3113604509108665,2.3113604509108665,2.5710499568235985,2.3119834299840907,0.000622979073224132
161695,3440,3.0,2.310755225347817,2.310755225347817,2.665853646238181,2.3230532445560956,0.01229801920827854
161695,3439,3.5,2.658269497083962,2.658269497083962,3.0320686326205624,2.68821425361025,0.02994475652628786
134432,8644,5.0,3.9928714507096412,3.9928714507096412,4.3500719560951335,3.9977057892537182,0.004834338544077183
134432,108190,5.0,3.726474972891152,3.726474972891152,3.7294746694629928,3.7218271808115198,-0.0046477920796325865
134432,112556,4.5,4.473853143381417,4.473853143381417,4.90574203051156,4.466162618975145,-0.007690524406272279
134432,81834,4.5,4.3511310838931205,4.3511310838931205,4.712988519334857,4.365706274928128,0.014575191035007328
134432,33166,5.0,4.236773672031701,4.236773672031701,4.544535065594445,4.228067682509058,-0.008705989522642791
178212,86377,1.5,3.7418066733353736,3.7418066733353736,3.829852874191045,3.740831037909701,-0.0009756354256725329
178212,86345,1.5,3.7692660861485603,3.7692660861485603,3.851990204992275,3.7700109814931495,0.0007448953445892792
178212,44191,2.0,3.721119003819764,3.721119003819764,4.466306108681138,3.767567384652034,0.046448380832269896
178212,106696,3.0,3.257220002340615,3.257220002340615,3.6054904714800826,3.2225520761088102,-0.0346679262318048
178212,93510,2.0,3.4382275366061332,3.4382275366061332,3.880609041331639,3.419892099329438,-0.018335437276695097
18537,135137,2.5,2.8873875760310295,2.8873875760310295,3.717647880573895,2.910279726127446,0.022892150096416264
18537,278702,3.0,3.987689303683579,3.987689303683579,4.651516985379448,3.987169809235069,-0.0005194944485102169
18537,8974,5.0,3.5273314439528587,3.5273314439528587,3.945112560686799,3.5441996219513614,0.016868177998502595
18537,263407,2.5,3.7944416799419525,3.7944416799419525,4.46455874026184,3.793291324199551,-0.0011503557424011879
18537,52287,4.0,3.8065107413404586,3.8065107413404586,4.363624565989287,3.809758072169758,0.0032473308292993225
136023,5064,3.5,4.290178748297036,4.290178748297036,4.507742997112609,4.294894209009796,0.004715460712760069
136023,6323,3.5,4.107114108728707,4.107114108728707,4.347090293209584,4.111164377032803,0.004050268304095273
136023,2467,4.0,4.35905117027694,4.35905117027694,4.75065608846679,4.363356841290682,0.004305671013741537
136023,8665,4.0,4.340538533853829,4.340538533853829,4.715492169299429,4.315124476792318,-0.025414057061511713
136023,8983,3.5,4.210606487917245,4.210606487917245,4.474233574167441,4.211939337266658,0.0013328493494132896
153588,73321,4.5,3.7304756142967346,3.7304756142967346,3.9566937945148344,3.7436758264495933,0.013200212152858774
153588,63072,4.0,3.897219161021054,3.897219161021054,4.049979338002532,3.8994661603323553,0.002246999311301439
153588,38038,2.5,3.94820031754905,3.94820031754905,4.182956235466494,3.9474080578572748,-0.0007922596917755186
153588,46976,3.5,4.051331954526246,4.051331954526246,4.152703309909619,4.07310359709661,0.021771642570363986
153588,5816,4.5,3.917975346075833,3.917975346075833,4.283706726588823,3.997460047167206,0.0794847010913727
113370,2987,4.0,3.889943093510807,3.889943093510807,4.4379212457170025,3.85769366881577,-0.032249424695036825
113370,1344,5.0,4.1223112069838646,4.1223112069838646,4.730147280307003,4.119316499570812,-0.0029947074130526417
113370,1179,4.0,4.046945350694001,4.046945350694001,4.633624476726366,4.0400738013196635,-0.006871549374337253
113370,541,4.0,4.448029580044091,4.448029580044091,5.0,4.431736806662063,-0.01629277338202783
113370,1639,5.0,3.9440504410141113,3.9440504410141113,4.341001095693708,3.9545809350973564,0.010530494083244968
179272,2204,3.0,3.3426729314797523,3.3426729314797523,3.6500245599989762,3.3425196549430383,-0.0001532765367138367
179272,192551,2.5,2.657764973568261,2.657764973568261,2.950152586703815,2.6576760287175416,-8.894485071929039e-05
179272,189805,3.0,3.220620482678056,3.220620482678056,3.574318395544214,3.2206711134140384,5.0630735982450516e-05
179272,5352,3.0,3.214852292540014,3.214852292540014,3.5008085529924857,3.2148586426285943,6.350088580308463e-06
179272,185031,4.5,2.985225739406884,2.985225739406884,3.504783478075047,2.9852807872145855,5.5047807701416245e-05
55610,2804,4.5,4.240918906854928,4.240918906854928,4.780215355399281,4.2505113909332035,0.009592484078275903
55610,4343,3.0,3.1845561587088707,3.1845561587088707,3.445602824988264,3.186311445141475,0.0017552864326044874
55610,4344,3.5,3.3483682893984916,3.3483682893984916,3.5456401377760787,3.3551637509170606,0.006795461518569032
55610,3033,4.5,3.7009021737449768,3.7009021737449768,4.044376230909084,3.6999031521184786,-0.000999021626497911
55610,1199,5.0,4.274806889223397,4.274806889223397,4.332694914335395,4.265639489033245,-0.009167400190151987
152686,81847,1.0,3.3043361776345375,3.3043361776345375,3.6903678535037225,3.3004915425818546,-0.0038446350526828224
152686,515,2.0,3.475547584223092,3.475547584223092,3.6309293985684103,3.4818224477029602,0.006274863479868182
152686,72998,1.0,3.1754610338085296,3.1754610338085296,3.927165586278672,3.193910778282646,0.018449744474116396
152686,71535,3.0,3.317391681002915,3.317391681002915,3.806630271783039,3.2837510602117685,-0.033640620791146617
152686,117529,4.0,2.848941447662652,2.848941447662652,3.1006793008417635,2.8647863569284437,0.01584490926579202
185975,180095,5.0,4.526524784492791,4.526524784492791,5.0,4.526255117801568,-0.0002696666912225753
185975,3624,4.5,3.9942931854003074,3.9942931854003074,4.398247140131924,3.9916343542536312,-0.002658831146676145
185975,112175,4.0,4.459412383364976,4.459412383364976,5.0,4.4511879967249,-0.008224386640076185
185975,91630,5.0,4.388554389106572,4.388554389106572,5.0,4.3932644077790775,0.0047100186725053715
185975,122920,5.0,4.430055113958657,4.430055113958657,5.0,4.433414180618876,0.0033590666602189767
15953,1259,3.0,4.0045485277497175,4.0045485277497175,4.656193124812944,4.016425139451826,0.011876611702108577
15953,1307,5.0,3.853565730603874,3.853565730603874,4.569923229815441,3.870083984357607,0.01651825375373336
15953,1,4.0,3.9152771611534956,3.9152771611534956,4.513341562369664,4.032616424420202,0.11733926326670652
15953,3421,4.0,3.8023161520087125,3.8023161520087125,4.269778189064336,3.8234724739083235,0.021156321899610968
15953,1197,5.0,4.136862256082237,4.136862256082237,4.571013384727138,4.14108607601202,0.004223819929782933
131441,4546,3.0,3.8367276363843086,3.8367276363843086,3.849259095447033,3.8269730108785267,-0.009754625505781805
131441,903,4.0,4.035870301055253,4.035870301055253,4.535293245257615,3.975730296313183,-0.06014000474206981
131441,1278,5.0,3.89577149085933,3.89577149085933,4.412931527201287,3.8706122009101094,-0.025159289949220655
131441,2115,4.0,3.617748352217019,3.617748352217019,4.055011718051017,3.641831061693258,0.024082709476239153
131441,2529,5.0,3.5421245195739868,3.5421245195739868,3.947594541521068,3.517722167224718,-0.02440235234926886
136970,112290,3.5,4.2071331613534095,4.2071331613534095,4.511835774049831,4.16958680102163,-0.03754636033177958
136970,95167,3.5,3.9052458614879253,3.9052458614879253,4.100677633702441,3.8961456162349006,-0.009100245253024782
136970,86880,4.5,3.642495276855767,3.642495276855767,3.9869982918359055,3.753963431648436,0.11146815479266863
136970,105844,3.0,4.3042145692580345,4.3042145692580345,4.772753416738313,4.276609200919879,-0.02760536833815562
136970,147043,4.0,3.630654516147912,3.630654516147912,3.4896517677711762,3.6307794384791245,0.00012492233121270713
149438,4223,4.5,3.827800432669461,3.827800432669461,4.314617087643195,3.8289086636843006,0.0011082310148394928
149438,44195,5.0,3.92955027006799,3.92955027006799,4.643198902869666,3.934947767783871,0.005397497715880824
149438,8464,3.5,3.5807454385631683,3.5807454385631683,4.311265564508153,3.5908501975691016,0.010104759005933505
149438,6870,5.0,3.929630915152371,3.929630915152371,4.646611647113788,3.9501036944780914,0.020472779325720017
149438,30749,5.0,4.079683343397916,4.079683343397916,4.872450890629986,4.091074345932973,0.011391002535057298
99903,6874,4.0,3.8463672008202376,3.8463672008202376,4.284639251249874,4.093713365019956,0.247346164199718
99903,7361,5.0,4.0580664779827895,4.0580664779827895,4.4476615925915945,4.304604626281025,0.2465381482982349
99903,8784,4.0,3.714060386626512,3.714060386626512,3.967809659139391,3.8046711129053676,0.09061072627885552
99903,339,3.5,3.4891446921811404,3.4891446921811404,3.7077363373309487,3.385407795646411,-0.10373689653472981
99903,380,3.5,3.4893609117553535,3.4893609117553535,3.905012311531899,3.144591926749407,-0.34476898500594655
90351,353,4.0,4.04471149899298,4.04471149899298,4.1890030643264975,4.01110273492108,-0.033608764071900284
90351,93475,4.0,3.9056761287921073,3.9056761287921073,3.8960420191173335,3.905977691559542,0.0003015627674348082
90351,1263,4.5,4.50425318114692,4.50425318114692,4.806730663679057,4.49346354406826,-0.010789637078660104
90351,50,5.0,4.793917032408059,4.793917032408059,5.0,4.6772785300594,-0.11663850234865843
90351,480,5.0,4.227500411199868,4.227500411199868,4.527949802092689,4.218699386178982,-0.008801025020885717
156678,4533,3.5,2.945589958208144,2.945589958208144,3.6470372393548547,2.9475536513567326,0.001963693148588505
156678,2448,1.5,1.819963904547036,1.819963904547036,2.3010776337155256,1.8215349579725233,0.0015710534254874172
156678,5502,1.0,2.697992207931817,2.697992207931817,3.1731790101577717,2.6855878118471965,-0.012404396084620366
156678,67197,1.0,2.3910899483435752,2.3910899483435752,2.812671017870894,2.390202084141148,-0.0008878642024269775
156678,82095,0.5,1.7383336745970848,1.7383336745970848,2.2189377544859084,1.738707314031831,0.0003736394347463258
167305,3844,4.0,3.4901626619812998,3.4901626619812998,4.016581938045611,3.494875155164613,0.004712493183313269
167305,2702,4.0,3.0316504449420574,3.0316504449420574,3.5766333618082915,3.039815586498244,0.008165141556186821
167305,4025,3.0,3.019022515492976,3.019022515492976,3.3864385593787256,3.0348832438804103,0.01586072838743443
167305,3418,4.0,3.543761963474095,3.543761963474095,4.247444581795439,3.5994356798831744,0.055673716409079255
167305,1247,4.0,3.9673227877193096,3.9673227877193096,4.404885797266857,4.072248619144964,0.10492583142565408
172302,54272,4.5,3.393425183820069,3.393425183820069,3.8614747276444263,3.393152005477524,-0.00027317834254523676
172302,54286,4.5,3.9088777177804115,3.9088777177804115,4.182396094400185,3.9216211517898434,0.012743434009432057
172302,48082,4.5,3.726101981925309,3.726101981925309,4.063918058817141,3.726695437288286,0.0005934553629770797
172302,46723,4.5,3.632900575625241,3.632900575625241,3.817794612272079,3.631795326787049,-0.0011052488381920636
172302,48780,5.0,4.127373712586701,4.127373712586701,4.599877841476875,4.131202506797397,0.00382879421069614
32269,32291,3.5,3.0094359838240745,3.0094359838240745,3.23729580618662,3.0125292251580267,0.0030932413339519664
32269,62434,2.0,2.94921469919616,2.94921469919616,3.1604644409971465,2.944335865102457,-0.004878834093703171
32269,40581,1.5,2.8800066434615257,2.8800066434615257,3.0588368693023384,2.876670063350045,-0.003336580111480808
32269,71248,3.0,2.7832030975096824,2.7832030975096824,2.7851515992182208,2.7816860053025256,-0.0015170922071568757
32269,84772,4.0,3.0968133234255912,3.0968133234255912,3.170267461497209,3.096665577831654,-0.00014774559393721605
36611,2268,3.5,3.974724995421708,3.974724995421708,4.27233331250741,3.989315988822371,0.014590993400663263
36611,34437,4.0,3.7433991790586116,3.7433991790586116,4.151576833065526,3.7506798885645787,0.007280709505966908
36611,1968,4.5,3.974725472258866,3.974725472258866,4.504375389543868,3.9686063807871093,-0.006119091471756672
36611,3342,4.5,3.922709616350472,3.922709616350472,4.091821907971951,3.9246186238781307,0.0019090075276582458
36611,3105,4.0,3.9284512572758796,3.9284512572758796,4.267472901744468,3.9468208518397767,0.018369594563897144
134202,4516,2.5,1.1871639215224388,1.1871639215224388,1.3569963759537136,1.186132235547724,-0.0010316859747147972
134202,1869,3.5,1.2093299352400901,1.2093299352400901,1.4297672952570128,1.2131787233979112,0.0038487881578209947
134202,31422,2.0,1.2320719682448509,1.2320719682448509,1.4987187789120395,1.2349289161925467,0.0028569479476958223
134202,59615,1.5,1.7366330348723533,1.7366330348723533,2.1541048540110466,1.7243606108604086,-0.012272424011944734
134202,4598,2.0,0.8065925561659935,1.0,1.050579158518635,1.0,-0.0030276880988780214
33146,65300,2.5,2.3845677994959953,2.3845677994959953,2.696043396778989,2.38465200061531,8.420111931484319e-05
33146,63826,2.5,2.7544679366820457,2.7544679366820457,3.056182389421488,2.7559381474850055,0.0014702108029599151
33146,1921,3.0,3.2748014055960777,3.2748014055960777,3.664967407491023,3.3468930556988834,0.0720916501028058
33146,160710,3.0,2.3237249874346855,2.3237249874346855,2.7217323574486665,2.324119596565829,0.0003946091311431648
33146,104631,3.0,2.7890875958674552,2.7890875958674552,3.1939732891196577,2.7889114970087947,-0.00017609885866042767
194880,4128,5.0,3.6605454147630336,3.6605454147630336,4.027751458367718,3.659839500997976,-0.0007059137650579205
194880,527,5.0,4.316290038155854,4.316290038155854,4.73123147876103,4.350050971030216,0.03376093287436186
194880,1193,5.0,4.283534007596314,4.283534007596314,4.935585549863191,4.29934451474079,0.015810507144475558
194880,2820,5.0,3.700071225392163,3.700071225392163,3.917861560345173,3.6999613059973133,-0.00010991939484955532
194880,110,5.0,4.067955362128556,4.067955362128556,4.3716005527870685,4.1127391228544345,0.04478376072587836
100408,69406,4.5,3.502408810409248,3.502408810409248,3.541611470664,3.535020087775071,0.032611277365822894
100408,5294,3.0,3.6609320533298852,3.6609320533298852,3.923860406389276,3.6641630171664765,0.003230963836591346
100408,68952,2.5,3.205846284034193,3.205846284034193,3.372945217966627,3.2052695987703297,-0.0005766852638631531
100408,8783,2.5,3.25422203958267,3.25422203958267,3.6596576081523287,3.2557508138111726,0.0015287742285027576
100408,40732,2.5,3.5481191766285303,3.5481191766285303,3.8025148191920786,3.5398756250878107,-0.00824355154071935
102964,51884,3.0,3.8155098431580665,3.8155098431580665,3.6723521179737455,3.8155834693747557,7.362621668899013e-05
102964,34072,3.0,3.7666509621613624,3.7666509621613624,3.7002953078668446,3.7719454523164146,0.005294490155052361
102964,98154,4.0,3.7604015120142105,3.7604015120142105,3.842634133549811,3.7598123765114706,-0.0005891355027399371
102964,8340,3.5,3.904129164742768,3.904129164742768,3.772442392058309,3.898060330410761,-0.006068834332007026
102964,1097,3.0,3.8550547086470726,3.8550547086470726,4.316592588343792,3.7826841299031706,-0.07237057874390189
80762,34150,5.0,1.8255712115042808,1.8255712115042808,2.1143699823007567,1.8102989643929295,-0.015272247111351375
80762,33830,4.0,1.6327857100241783,1.6327857100241783,1.885710894209598,1.6298708861369848,-0.0029148238871933396
80762,33836,4.0,1.692546876596749,1.692546876596749,1.951564780387051,1.6888665522641533,-0.003680324332595843
80762,7327,0.5,3.2444117986434104,3.2444117986434104,2.9086065146683993,3.2326523702157948,-0.011759428427615785
80762,6643,0.5,3.2209751331084373,3.2209751331084373,2.897584117944362,3.2131282673215735,-0.007846865786863723
158020,96588,2.5,3.542445911543906,3.542445911543906,3.8668495595266057,3.5207755288870572,-0.02167038265684865
158020,284167,1.5,3.3028728836053016,3.3028728836053016,3.578233761653758,3.3029775691965573,0.00010468559125544114
158020,64622,2.5,3.798893319892228,3.798893319892228,4.2309676631751945,3.8025900985541647,0.0036967786619367077
158020,278176,3.5,3.7574310325854423,3.7574310325854423,4.085303385575032,3.758742017941054,0.0013109853556113665
158020,281190,2.5,3.4137579225772026,3.4137579225772026,3.765654542429357,3.414550487563723,0.0007925649865202029
114274,7143,2.5,3.7527368464344146,3.7527368464344146,3.712738995083182,3.7097428304071016,-0.042994016027313224
114274,25,4.0,3.761662701594174,3.761662701594174,4.236553701798003,3.795635050778003,0.03397234918382885
114274,141,3.5,3.599279392960012,3.599279392960012,3.690263015207558,3.5881316367394542,-0.011147756220557869
114274,223,4.5,3.925304631220639,3.925304631220639,4.501906187563678,3.9538790777682986,0.028574446547659713
114274,912,4.0,4.2799772717826965,4.2799772717826965,4.928635740709156,4.306255999441192,0.026278727658495513
12902,3083,4.5,3.908041643428147,3.908041643428147,4.499053336818508,3.9175322318556747,0.009490588427527376
12902,4979,3.0,3.7135275327437522,3.7135275327437522,4.384540603188439,3.760862766278391,0.04733523353463855
12902,1962,3.5,3.622857945489228,3.622857945489228,3.9395880355890713,3.6089255244743317,-0.013932421014896114
12902,4881,3.5,3.681664931105912,3.681664931105912,4.213521206909002,3.695847717671612,0.014182786565699964
12902,902,5.0,3.745069312381089,3.745069312381089,4.104699770126872,3.753658477846819,0.008589165465730061
152473,348,4.0,3.9162097596400383,3.9162097596400383,4.469993921579969,3.917672920851821,0.0014631612117830082
152473,280,3.0,3.934263917135537,3.934263917135537,4.786920157985357,3.933006043241705,-0.00125787389383183
152473,2,3.0,3.4951508962386253,3.4951508962386253,4.183451988389234,3.4976786400844215,0.0025277438457962514
152473,235,5.0,3.882339025365651,3.882339025365651,4.4486267515698374,3.88408222494546,0.0017431995798089823
152473,261,4.0,3.8458289154642227,3.8458289154642227,4.542641921906209,3.850305041142623,0.004476125678400287
88259,141,2.0,3.8908596155070665,3.8908596155070665,4.402533584804032,3.9060530009888152,0.015193385481748596
88259,1777,3.5,3.7652173959487083,3.7652173959487083,4.581980400643062,3.76756195759503,0.0023445616463217004
88259,2572,3.5,3.9335650433623197,3.9335650433623197,4.66038371439997,3.971338962649854,0.03777391928753425
88259,2671,4.0,3.857426098065913,3.857426098065913,4.665496099227755,3.891657041700154,0.034230943634240944
88259,539,4.0,3.8874042765074375,3.8874042765074375,4.447110923320222,3.9682891750029907,0.08088489849555308
94603,8641,5.0,4.09311850227648,4.09311850227648,4.294829686616424,4.096630322537938,0.00351182026145711
94603,47610,4.0,4.395398976730645,4.395398976730645,4.701053986637335,4.391805244028295,-0.0035937327023498567
94603,586,4.0,3.76909595959121,3.76909595959121,3.8094758403268325,3.7693324896198193,0.00023653002860903397
94603,60069,5.0,4.598348441051781,4.598348441051781,5.0,4.608816679946051,0.010468238894269379
94603,2006,5.0,3.8751156651251915,3.8751156651251915,4.057504062964636,3.872781758267611,-0.002333906857580235
113574,7149,2.0,3.427701892780602,3.427701892780602,3.3674096450647863,3.419315116069955,-0.008386776710646925
113574,1704,4.5,4.051903004276097,4.051903004276097,4.379443233914461,4.032204373143801,-0.019698631132295814
113574,106916,3.5,3.4911200790503027,3.4911200790503027,3.833965251668195,3.504231339819641,0.013111260769338313
113574,112183,2.5,3.6893307813280227,3.6893307813280227,4.34314421529453,3.7833092204372276,0.09397843910920509
113574,48304,2.5,3.6273467787378433,3.6273467787378433,3.939453631764365,3.627505563019852,0.000158784282008613
161653,49822,2.5,3.1757511519663932,3.1757511519663932,3.761556579129799,3.17975408803229,0.004002936065896652
161653,92507,2.5,3.2217322611086967,3.2217322611086967,3.573861708011715,3.2256569603577163,0.00392469924901977
161653,80549,3.5,3.3790721171372535,3.3790721171372535,3.592863219695108,3.3610580321081125,-0.01801408502914093
161653,69306,3.0,3.0187469892972114,3.0187469892972114,3.397520585644312,3.0264353706564107,0.007688381359199456
161653,100383,4.0,3.2973931864672306,3.2973931864672306,3.6763100400407924,3.2984555186719287,0.001062332204698235
159778,275243,2.5,3.493765259610951,3.493765259610951,3.7738088114795807,3.4918349431375524,-0.0019303164733986422
159778,274053,3.5,3.9297326602810028,3.9297326602810028,4.240202344772685,3.919853768059102,-0.009878892221900921
159778,111113,3.0,3.283534804808438,3.283534804808438,3.5934654502841004,3.2691844098809595,-0.014350394927478515
159778,231,3.5,3.0432698526256683,3.0432698526256683,3.1947673502894993,3.0583141075379436,0.015044254912275255
159778,61024,4.0,3.51970655702287,3.51970655702287,4.128226484277526,3.5221119943015546,0.002405437278684801
28066,130488,5.0,4.014174404072106,4.014174404072106,3.8208317054522185,4.014061310084015,-0.00011309398809047611
28066,122904,4.5,4.700395049976647,4.700395049976647,4.84957734651171,4.676984305870982,-0.023410744105665637
28066,187593,4.5,4.632782819198907,4.632782819198907,4.68432278255998,4.62632223748547,-0.006460581713436938
28066,27706,4.5,4.132930042671502,4.132930042671502,4.146987749134734,4.124697246548154,-0.00823279612334777
28066,51086,4.5,3.938439848350823,3.938439848350823,3.848225171494975,3.940089997667193,0.0016501493163695474
87740,69844,4.5,4.364663364815057,4.364663364815057,4.661449623016436,4.4124145741154175,0.04775120930036106
87740,8970,5.0,4.224312024640382,4.224312024640382,4.507442709840515,4.241983966138089,0.017671941497707653
87740,54259,4.5,4.346880050825417,4.346880050825417,4.73244207050173,4.354726994803859,0.007846943978441493
87740,5171,5.0,3.432061287092507,3.432061287092507,3.7388949348697214,3.4478516657352714,0.015790378642764197
87740,54286,3.0,4.447187724041283,4.447187724041283,4.817684732093855,4.486825714758907,0.03963799071762362
169081,170,3.0,3.417805197166741,3.417805197166741,3.9832877140651,3.407396656349587,-0.010408540817154189
169081,419,3.0,2.677509310173333,2.677509310173333,3.459875234280694,2.6672100142572925,-0.010299295916040462
169081,494,3.0,3.549077349232972,3.549077349232972,4.233360231323051,3.5347441750190285,-0.014333174213943221
169081,303,2.0,3.251039298700631,3.251039298700631,3.8733228065351497,3.247226618243488,-0.003812680457142845
169081,540,2.0,2.90774923794204,2.90774923794204,3.7504562410850806,2.9004743544721,-0.007274883469940111
31003,1041,4.0,3.865998032020867,3.865998032020867,4.112986888211958,3.8691892890494963,0.0031912570286294047
31003,1358,4.0,3.818492295669854,3.818492295669854,4.033785294167795,3.8246509463424356,0.006158650672581582
31003,1487,3.0,2.936386229919732,2.936386229919732,3.265096555363544,2.941920106878756,0.005533876959024147
31003,1479,3.0,2.9841074072592857,2.9841074072592857,3.2547923306041158,2.984148226760823,4.0819501537106215e-05
31003,605,3.0,3.1008232259028556,3.1008232259028556,3.589306198323826,3.1052483425304382,0.004425116627582664
137036,2959,4.5,4.256816199498713,4.256816199498713,4.784979908893551,4.345875443307748,0.08905924380903518
137036,3544,3.0,2.8464527041488292,2.8464527041488292,3.2711936034940563,2.847775046656866,0.0013223425080364896
137036,5269,4.5,3.6426102504902484,3.6426102504902484,4.19134727124615,3.645046517107943,0.002436266617694625
137036,5608,4.0,3.874756863790095,3.874756863790095,4.362945232443627,3.876588477057691,0.0018316132675960757
137036,6482,1.5,1.790874710755885,1.790874710755885,1.7871321018157849,1.7894548182594217,-0.0014198924964631799
82505,1921,1.0,4.0036308788531425,4.0036308788531425,4.368726339326425,4.013952945754661,0.010322066901518843
82505,2393,2.0,3.4752552234404686,3.4752552234404686,4.3171295598276656,3.471462604281181,-0.0037926191592877237
82505,2088,3.0,2.840935023950875,2.840935023950875,3.2947560721280538,2.839615407914266,-0.001319616036608728
82505,1090,5.0,4.178889932560265,4.178889932560265,4.757521152465714,4.199279110314663,0.020389177754397282
82505,2174,2.0,3.790206185060084,3.790206185060084,4.363621850758849,3.780850351372655,-0.009355833687429102
139872,33896,5.0,3.441882467346728,3.441882467346728,3.646208801485038,3.4444706499414894,0.0025881825947613297
139872,7022,4.5,3.7338126734667423,3.7338126734667423,4.120141030266779,3.7443187425128435,0.010506069046100972
139872,3262,5.0,3.5620370046072605,3.5620370046072605,3.7975818546302174,3.578492541932762,0.016455537325501753
139872,4848,5.0,3.7929313317709568,3.7929313317709568,4.318607804512794,3.8397757304678106,0.04684439869685374
139872,1690,4.0,2.9769736067228916,2.9769736067228916,3.176246539173823,2.9985164367787043,0.021542830055812777
18937,1197,4.5,4.193525957392991,4.193525957392991,4.6499394052999525,4.178197946878505,-0.015328010514485858
18937,1210,4.5,4.066060590075791,4.066060590075791,4.625985730253794,4.238676469637523,0.17261587956173255
18937,2571,3.0,4.230958270358384,4.230958270358384,5.0,4.302167318417068,0.07120904805868353
18937,1704,2.5,4.165553736018479,4.165553736018479,4.878950210948196,4.236620263287502,0.07106652726902325
18937,4776,4.5,3.816296505259812,3.816296505259812,4.011726795860747,3.8291130342313595,0.012816528971547236
155280,198185,5.0,4.374580296205819,4.374580296205819,4.692369306888113,4.379016132513768,0.004435836307949146
155280,48780,4.5,4.197524639295876,4.197524639295876,4.904434652317212,4.163365925710673,-0.034158713585203004
155280,85788,3.5,3.52811356120044,3.52811356120044,3.8047790970494235,3.527256307404148,-0.0008572537962921222
155280,268642,4.0,3.752034457849801,3.752034457849801,4.035928981082709,3.7495235512066576,-0.0025109066431431492
155280,109374,4.0,4.108739467787087,4.108739467787087,4.742846806675348,4.11437615202521,0.00563668423812324
160060,54259,4.5,3.843363659905732,3.843363659905732,4.2881865885326205,3.8463103199944237,0.002946660088691709
160060,7153,4.5,4.1387564115994575,4.1387564115994575,4.767965854508498,4.027517146080653,-0.11123926551880503
160060,2529,3.5,3.6676199235790374,3.6676199235790374,4.126417933620252,3.652490540794366,-0.015129382784671314
160060,2716,4.5,3.8070734613412025,3.8070734613412025,4.6309189259997385,3.7826486900226417,-0.024424771318561023
160060,588,3.5,3.751795487927735,3.751795487927735,4.079730578753294,3.5983900003675093,-0.15340548756022596
143928,1358,0.5,4.099211143779099,4.099211143779099,4.454271282837183,4.117241532898985,0.018030389119886008
143928,2804,3.5,4.073188649939835,4.073188649939835,4.435981603484952,4.080550342511761,0.007361692571925149
143928,2918,5.0,4.008428173589051,4.008428173589051,4.693136032185321,4.029524479105523,0.021096305516471472
143928,1961,5.0,4.001688557195008,4.001688557195008,4.742048473899389,4.059105749157553,0.057417191962544405
143928,33166,4.5,3.8169825249188545,3.8169825249188545,4.167552384560518,3.867029397843883,0.05004687292502859
109467,112582,3.0,3.1900310092442634,3.1900310092442634,3.3176796228006746,3.191887813561353,0.0018568043170894934
109467,27878,2.5,3.3085280083888176,3.3085280083888176,3.504249083866757,3.304411993475776,-0.004116014913041509
109467,2599,5.0,3.231157230662644,3.231157230662644,3.7405643493040257,3.1982481483158445,-0.0329090823467995
109467,5049,3.5,2.946377037542403,2.946377037542403,3.1390689455832237,2.974610967338779,0.028233929796375897
109467,99764,3.0,3.5320970737212303,3.5320970737212303,3.6967089476224717,3.530071890576318,-0.0020251831449121915
137762,164179,4.0,3.3284166180365684,3.3284166180365684,4.0100979244791874,3.3452514728695775,0.016834854833009172
137762,71520,4.0,2.4950223290198448,2.4950223290198448,2.676655490162277,2.500968722322922,0.005946393303077461
137762,105504,4.0,3.0706516974442604,3.0706516974442604,3.471187118007629,3.076517847423506,0.005866149979245766
137762,4816,2.0,2.5225276970141532,2.5225276970141532,2.7311025965051763,2.517778768693001,-0.004748928321151943
137762,108932,3.5,2.9505196683877113,2.9505196683877113,3.550601876500485,2.9010322967527893,-0.04948737163492217
77798,6,3.0,3.8519515995704534,3.8519515995704534,4.346107886410112,3.8203758358256676,-0.03157576374478598
77798,3,3.0,3.123286754342258,3.123286754342258,3.6162776129750043,3.1458211410324024,0.022534386690144112
77798,648,4.0,3.394842148276508,3.394842148276508,4.169899994360035,3.414967553708846,0.020125405432337994
77798,780,3.0,3.3648144905292394,3.3648144905292394,4.198942570642828,3.4700954094962664,0.10528091896702715
77798,1303,3.0,3.98717263385886,3.98717263385886,4.170469796639175,3.978567760794447,-0.008604873064412646
166197,5995,5.0,4.703583689855874,4.703583689855874,4.752328420203239,4.725493693267098,0.021910003411223945
166197,4521,4.0,3.7529714130633476,3.7529714130633476,4.145928365523039,3.753326085270424,0.0003546722070765379
166197,1307,4.0,4.486645075010598,4.486645075010598,5.0,4.533969169177748,0.04732409416714996
166197,491,4.0,4.059133248853028,4.059133248853028,4.467248862675929,4.063479883147606,0.004346634294577671
166197,1895,5.0,3.837510290073693,3.837510290073693,4.284829997066526,3.8362722690962205,-0.0012380209774723156
55522,97304,4.5,4.305720495509446,4.305720495509446,4.926564031439825,4.295057464518212,-0.010663030991234024
55522,7254,4.5,4.2398975067608955,4.2398975067608955,4.8082408676160036,4.2191317340137475,-0.020765772747148154
55522,64614,4.5,4.433687152790368,4.433687152790368,5.0,4.414751847045096,-0.01893530574527154
55522,71535,4.0,4.276976244973481,4.276976244973481,4.849557199212385,4.265135628822926,-0.011840616150554872
55522,80463,4.0,4.320820259379685,4.320820259379685,5.0,4.300398954059873,-0.02042130531981179
194271,1688,3.5,3.3844541297131183,3.3844541297131183,4.2542276670719374,3.3839402083946366,-0.0005139213184816991
194271,33085,3.0,2.8127737962477806,2.8127737962477806,3.060813204395716,2.813919283404373,0.0011454871565924095
194271,2793,3.0,2.5320293628447654,2.5320293628447654,2.6445028114280222,2.5336280395734905,0.0015986767287250944
194271,6586,3.0,2.7747334563010337,2.7747334563010337,3.0842548585741274,2.779901469948038,0.005168013647004092
194271,2142,2.5,2.932180883812249,2.932180883812249,3.692195895640797,2.9330661397037434,0.0008852558914943388
1489,2302,4.0,3.3771932669752243,3.3771932669752243,3.8226532012647123,3.4013047776126064,0.02411151063738205
1489,2947,4.0,3.500660794305146,3.500660794305146,3.8185403545541643,3.4990784775038675,-0.0015823168012783807
1489,2336,4.0,3.6272146724932792,3.6272146724932792,3.977188085592767,3.6360958122245086,0.008881139731229531
1489,2797,3.5,3.377660112904847,3.377660112904847,4.045131223065375,3.4468912100572267,0.06923109715237952
1489,1197,3.5,3.876269313024819,3.876269313024819,4.5487881277577555,3.954239796156351,0.07797048313153174
66281,350,4.0,3.295753853844941,3.295753853844941,4.12515534534687,3.2645629373843343,-0.03119091646060676
66281,11,4.0,3.483850004600823,3.483850004600823,4.139674754310633,3.4146641504227224,-0.06918585417810082
66281,597,1.0,3.2613652148121,3.2613652148121,3.9718038147677177,3.051593588288991,-0.20977162652310938
66281,586,3.0,3.0050934725278022,3.0050934725278022,3.7202476994752085,2.961255446841194,-0.043838025686608585
66281,196,4.0,2.66597013406688,2.66597013406688,3.4134988286205203,2.705545822075605,0.03957568800872496
156252,17,4.0,4.4473471664660575,4.4473471664660575,5.0,4.4596735805882695,0.012326414122212328
156252,36,5.0,4.422818156408608,4.422818156408608,5.0,4.4399375161576025,0.017119359748994027
156252,68,4.0,3.9310881220572593,3.9310881220572593,4.5718253170062875,3.9350098802366644,0.003921758179405012
156252,1136,4.0,4.6379595720046165,4.6379595720046165,4.735348160505524,4.710132926895383,0.07217335489076715
156252,180,4.0,4.071412301140368,4.071412301140368,4.318261534471076,4.085380624468082,0.013968323327714032
8813,54286,4.0,4.531684997009576,4.531684997009576,4.451989705466037,4.487840166998974,-0.04384483001060116
8813,4508,5.0,4.135503428506196,4.135503428506196,4.550733414081908,4.136294242964807,0.0007908144586113989
8813,1730,5.0,4.279829757737458,4.279829757737458,4.869905840789027,4.283032585115553,0.003202827378094524
8813,4378,4.5,4.240738207923711,4.240738207923711,4.914197504521257,4.242058713271186,0.0013205053474754408
8813,1682,4.0,4.524315150904,4.524315150904,5.0,4.527730618544951,0.003415467640951665
147601,837,3.0,3.7889932864182594,3.7889932864182594,4.139581912263057,3.7903964799356764,0.0014031935174170732
147601,612,3.0,3.046056570934594,3.046056570934594,3.8492806943857754,3.046318788867724,0.0002622179331299814
147601,1183,3.0,3.958148362564385,3.958148362564385,4.3284825717418,3.960608304927708,0.0024599423633230805
147601,662,3.0,3.5778349363082054,3.5778349363082054,4.3393216654262305,3.578780914349192,0.0009459780409868147
147601,1367,4.0,3.360437812732995,3.360437812732995,3.8623824286092967,3.363191578272437,0.002753765539442442
181804,2054,2.0,2.5535876774066093,2.5535876774066093,2.758308185257684,2.551663960918937,-0.0019237164876726234
181804,2043,4.0,3.0979531132453086,3.0979531132453086,3.423941921867735,3.097718466952864,-0.00023464629244469067
181804,3153,3.0,3.4186271638446453,3.4186271638446453,3.857355249393374,3.4168389501087675,-0.0017882137358778273
181804,2872,4.0,3.4178727739327552,3.4178727739327552,3.9965092875446886,3.4236595175425877,0.005786743609832478
181804,1097,4.0,3.5464359097951057,3.5464359097951057,4.25986875946151,3.699785514596732,0.15334960480162638
13697,342,4.0,3.826774040686429,3.826774040686429,4.477252197206894,3.838561253121973,0.011787212435544137
13697,3060,3.0,4.085900905060113,4.085900905060113,4.8999897719468315,4.088961237810881,0.003060332750767699
13697,2355,3.0,3.875621328579724,3.875621328579724,4.188087065750655,3.929993847733666,0.05437251915394187
13697,2384,5.0,3.246976169275582,3.246976169275582,3.9432650849551676,3.266757095822879,0.019780926547296813
13697,21,3.0,3.8824784275912645,3.8824784275912645,4.233695631163535,3.875876726417528,-0.006601701173736518
90371,2329,5.0,3.173727902101815,3.173727902101815,3.4596900023092747,3.4054283320357603,0.23170042993394552
90371,4963,3.5,2.8567132674925926,2.8567132674925926,3.1084245048358214,2.956875141697873,0.10016187420528033
90371,1246,4.5,2.981748821663201,2.981748821663201,3.4315890169366385,3.060883817714257,0.07913499605105617
90371,4306,4.0,2.7838928573601844,2.7838928573601844,3.060297051598857,2.76630314265173,-0.017589714708454315
90371,4993,4.0,3.1355030261748436,3.1355030261748436,3.583361767412227,3.236840499317195,0.10133747314235174
57896,480,4.0,3.720855268167794,3.720855268167794,3.9971628997771673,3.6793373018167723,-0.041517966351021646
57896,201773,3.0,3.7074337177746894,3.7074337177746894,4.347877836484176,3.7013296514338268,-0.006104066340862635
57896,104841,3.0,3.6195429810159805,3.6195429810159805,4.399086728476869,3.6163871152294447,-0.003155865786535903
57896,8636,2.0,3.471621701943219,3.471621701943219,3.8325068336623698,3.455848110036186,-0.015773591907033063
57896,122906,4.0,3.6407077037566307,3.6407077037566307,4.295645939255836,3.625796410141086,-0.014911293615544819
88957,1347,0.5,2.8538269870751503,2.8538269870751503,3.0495721738481762,2.849389588043037,-0.004437399032113526
88957,1588,1.5,2.199591579365075,2.199591579365075,2.5217831132440516,2.2031906306248517,0.003599051259776957
88957,1967,4.0,3.1497739949100616,3.1497739949100616,3.635294784373253,3.1437715346002117,-0.00600246030984974
88957,2085,3.5,2.950703481661618,2.950703481661618,3.3185733820904364,2.9630329385836647,0.01232945692204655
88957,2087,4.0,3.0676106777810457,3.0676106777810457,3.4162347207881245,3.076336109766561,0.008725431985515567
87390,3624,5.0,3.0684204571717384,3.0684204571717384,3.5405743349601515,3.0633929721048405,-0.005027485066897969
87390,3702,3.0,3.322257355304897,3.322257355304897,3.8416803988855333,3.3268486479982187,0.004591292693321769
87390,3527,3.0,3.4814239018433693,3.4814239018433693,4.072443388636436,3.483167875559819,0.0017439737164500384
87390,1214,3.0,3.8772157900803688,3.8772157900803688,4.535487477213499,3.866149499099228,-0.01106629098114098
87390,1387,4.0,3.5936037623160484,3.5936037623160484,4.357287266207272,3.5419944548081164,-0.05160930750793212
17276,286897,3.5,4.86294344298774,4.86294344298774,5.0,4.858119315666055,-0.004824127321684896
17276,286131,3.5,3.9478811644786003,3.9478811644786003,4.4784568113143575,3.9481945709860002,0.0003134065073999468
17276,112556,3.5,4.61152115695411,4.61152115695411,5.0,4.60056701816877,-0.010954138785339167
17276,5283,4.5,3.830859991239846,3.830859991239846,3.955091670804422,3.844215878091293,0.013355886851447361
17276,8644,3.0,4.130539464282334,4.130539464282334,4.8861038365302925,4.148952582521348,0.018413118239013627
154124,130988,5.0,3.5919559174054267,3.5919559174054267,3.6841671404367884,3.5919024813419353,-5.343606349135605e-05
154124,132961,5.0,3.863765905129254,3.863765905129254,3.936812908339966,3.86523525683611,0.0014693517068557578
154124,50872,2.5,4.091920169519723,4.091920169519723,4.748547206843046,3.9293364893526275,-0.16258368016709518
154124,134853,1.5,4.1695602559321525,4.1695602559321525,4.791674001656221,4.053838936867437,-0.11572131906471593
154124,858,5.0,4.576523336099923,4.576523336099923,4.994381247455818,4.695793029561303,0.11926969346138017
129211,2761,3.5,4.156569274591744,4.156569274591744,4.701295634879673,4.169529567252039,0.01296029266029434
129211,6448,3.5,3.989769863414109,3.989769863414109,4.427066524028758,3.9885975088516807,-0.0011723545624283695
129211,6350,4.5,4.348419638799966,4.348419638799966,4.547024993478277,4.349924486580821,0.0015048477808546814
129211,8368,4.0,4.08606937758857,4.08606937758857,4.568457745642634,4.244098093092011,0.1580287155034405
129211,38038,3.5,3.945955845045388,3.945955845045388,4.346615473267916,3.962563542702091,0.01660769765670299
49269,1258,5.0,4.135541657435239,4.135541657435239,4.824096417379033,4.1710614166379365,0.03551975920269752
49269,1291,4.0,4.086021224486172,4.086021224486172,4.4588744273079355,4.061387424031591,-0.02463380045458175
49269,3095,4.0,4.0834964909427764,4.0834964909427764,4.507162060503923,4.0900232212163425,0.0065267302735663585
49269,162,4.0,4.0968718030326965,4.0968718030326965,4.591209410676235,4.100708602124354,0.003836799091657627
49269,1200,4.0,4.106384287106335,4.106384287106335,4.457824847674092,4.085739351555327,-0.020644935551007933
180346,33794,4.0,3.8474921383731964,3.8474921383731964,4.525357764869569,3.897207629534241,0.04971549116104476
180346,287699,4.5,4.007336298453152,4.007336298453152,4.662098428601401,4.007569917665167,0.00023361921201441738
180346,1748,4.0,3.7313099005096557,3.7313099005096557,3.6398135462412085,3.7286425636360594,-0.0026673368735961635
180346,5445,4.5,3.6246264078491333,3.6246264078491333,3.902318209102923,3.6463679106162745,0.021741502767141055
180346,158966,3.5,3.8470356263988617,3.8470356263988617,4.487630695794745,3.8479584164004232,0.0009227900015616733
156770,6774,4.5,3.9242600374692085,3.9242600374692085,4.349501401343013,4.0293186072992,0.10505856982999162
156770,1232,4.5,4.292492168473542,4.292492168473542,4.8728525417547015,4.3939441430952995,0.10145197462175723
156770,109487,4.0,4.345754402207673,4.345754402207673,4.841239987129691,4.176915305816731,-0.168839096390942
156770,2791,3.0,4.019274430798829,4.019274430798829,4.395329398272299,4.142653778780488,0.12337934798165982
156770,1653,4.0,4.0350920432084205,4.0350920432084205,4.517025944625322,4.083526974180186,0.048434930971765836
89403,50,5.0,3.9818741404288414,3.9818741404288414,4.585398783395401,4.049932035759873,0.06805789533103207
89403,3252,3.5,3.503751831578553,3.503751831578553,3.792095410205117,3.503014088199921,-0.000737743378632095
89403,3386,5.0,3.392565684842408,3.392565684842408,3.8525472725135894,3.4001998400873,0.007634155244891891
89403,3499,4.0,3.496481331514657,3.496481331514657,4.118730034811923,3.5054662959037817,0.008984964389125038
89403,4105,4.0,3.416505458282769,3.416505458282769,3.753146839622005,3.4210186589370073,0.0045132006542383685
45651,4239,1.0,2.7022974514239433,2.7022974514239433,3.0753600939880013,2.7869901244421245,0.08469267301818113
45651,2712,3.0,2.2996363960974815,2.2996363960974815,2.7158285975815537,2.541540788415325,0.2419043923178433
45651,3176,5.0,2.4953556624078157,2.4953556624078157,2.736483971731757,2.602096030868107,0.1067403684602916
45651,3535,4.5,2.6567657165997627,2.6567657165997627,3.2361738625638004,2.8185313513320907,0.1617656347323282
45651,8984,5.0,2.311439814495385,2.311439814495385,2.7558827771573107,2.2983581908367277,-0.013081623658657157
156830,1639,4.5,4.257533530222714,4.257533530222714,4.745883686712909,4.249514575790611,-0.008018954432103412
156830,60293,4.5,4.129126327561677,4.129126327561677,4.797973036245491,4.129166671583205,4.034402152824473e-05
156830,6017,5.0,3.7986094974749687,3.7986094974749687,4.503605403519924,3.798911000323304,0.0003015028483352617
156830,5617,4.0,4.361893879699052,4.361893879699052,5.0,4.363467813143588,0.0015739334445365413
156830,34198,1.5,4.180917516800106,4.180917516800106,4.814622006573763,4.1807989425046905,-0.00011857429541497173
92157,2640,4.0,3.9628247045748832,3.9628247045748832,4.440623090566618,3.977698625556902,0.014873920982018734
92157,1387,5.0,4.3500572019093635,4.3500572019093635,4.991239317890345,4.442210538536098,0.09215333662673394
92157,3702,4.0,4.078710794898212,4.078710794898212,4.381161748195559,4.094191829718876,0.015481034820663979
92157,1214,4.0,4.633669229673684,4.633669229673684,5.0,4.724427420898515,0.09075819122483073
92157,260,5.0,4.665042611288369,4.665042611288369,5.0,4.719744390380088,0.05470177909171854
39044,5989,4.0,3.6199228488677146,3.6199228488677146,3.821584242882934,3.618131826788106,-0.0017910220796088245
39044,4886,4.0,3.5006071650260093,3.5006071650260093,3.9969928420081966,3.604891367583771,0.10428420255776145
39044,6565,4.0,3.2491820514970424,3.2491820514970424,3.4957375074047934,3.257678414522808,0.008496363025765473
39044,6539,4.0,3.4436925970786216,3.4436925970786216,3.804027599348153,3.5171814976867197,0.07348890060809789
39044,1210,3.5,3.654778780865014,3.654778780865014,4.031996121566151,3.818864059627672,0.16408527876265816
152085,6503,1.5,2.457851769851983,2.457851769851983,2.4868931752626624,2.4461520518857203,-0.011699717966262704
152085,4367,2.0,2.7233544611209037,2.7233544611209037,2.993300347825306,2.712933080139722,-0.010421380981181597
152085,4052,1.5,3.0341437482112052,3.0341437482112052,3.0185786782207944,3.031717277920616,-0.0024264702905894306
152085,288,1.5,3.2100899242632988,3.2100899242632988,3.2249654790137954,3.2153929571176882,0.005303032854389527
152085,4344,1.5,3.0287427031272056,3.0287427031272056,3.141103586923892,3.020032258279072,-0.008710444848133618
88047,6942,2.0,2.7775782667868736,2.7775782667868736,3.474896561220102,2.8063008351424634,0.028722568355589777
88047,4880,2.0,2.7839199178689125,2.7839199178689125,3.307385852280905,2.785054395540736,0.0011344776718232666
88047,3178,2.0,2.8172893100255134,2.8172893100255134,3.155187368826403,2.819316914456816,0.0020276044313026435
88047,44974,3.5,2.65582257367903,2.65582257367903,3.0026422926143645,2.6607740152425334,0.00495144156350329
88047,3408,2.0,2.6603066050284507,2.6603066050284507,3.271103435909126,2.6602032034985608,-0.00010340152988999683
92913,202439,4.0,4.626956226753533,4.626956226753533,5.0,4.625513099133329,-0.001443127620203991
92913,80463,4.5,4.095212119149506,4.095212119149506,4.409243936795087,4.078034297216832,-0.0171778219326739
92913,204698,4.0,4.217142822670281,4.217142822670281,4.546890155284037,4.209944799612907,-0.0071980230573748935
92913,1704,5.0,4.40601366989547,4.40601366989547,4.420688567848822,4.364407380294728,-0.041606289600742224
92913,189713,3.5,4.0649732076399925,4.0649732076399925,4.399123386352622,4.063359855756195,-0.001613351883797673
172285,260,5.0,4.416993679928124,4.416993679928124,4.997141865420133,4.272435254312102,-0.14455842561602267
172285,920,1.0,4.121037098097146,4.121037098097146,4.907601429116772,4.106958982768814,-0.0140781153283318
172285,1230,4.0,4.350496503042519,4.350496503042519,5.0,4.370043239075918,0.01954673603339881
172285,954,2.0,4.325976135658562,4.325976135658562,5.0,4.323037193402679,-0.0029389422558830872
172285,1291,3.0,4.304039719032586,4.304039719032586,4.777081753561129,4.245556320943072,-0.058483398089513916
48106,90343,2.5,3.840259643720925,3.840259643720925,4.220632202958272,3.849379489689274,0.009119845968348634
48106,97950,4.5,3.5445762597792747,3.5445762597792747,3.8667219610557444,3.5486280483509676,0.004051788571692824
48106,92264,4.0,3.6220556222670677,3.6220556222670677,3.9211523004459665,3.6342853977423695,0.012229775475301697
48106,95199,4.5,3.7480610930197837,3.7480610930197837,4.086968067447409,3.7598701365174128,0.011809043497628997
48106,79588,3.5,4.18474911384517,4.18474911384517,4.570707664993448,4.193952324963459,0.009203211118289638
15384,5418,3.0,4.288353207039178,4.288353207039178,4.382750779178884,4.247113907917993,-0.041239299121184826
15384,4977,3.0,3.8818884366028907,3.8818884366028907,4.332427587709057,3.8838734048824746,0.0019849682795836177
15384,4978,5.0,4.17040747635299,4.17040747635299,4.653277541733804,4.176734378471973,0.006326902118982767
15384,4641,4.0,4.130176546501458,4.130176546501458,4.457157557102419,4.181271221118699,0.05109467461724149
15384,3285,3.0,3.4875229918234947,3.4875229918234947,3.6527981441038255,3.4525156088198323,-0.035007383003662546
195839,71057,4.0,3.4814505525701644,3.4814505525701644,3.5208018288787266,3.4863588146014055,0.004908262031241248
195839,72733,3.5,3.598067263590634,3.598067263590634,3.503975342290367,3.5994505359904023,0.0013832723997680828
195839,4784,3.5,3.6227988251321914,3.6227988251321914,3.721321187590692,3.6231921105193234,0.00039328538713187403
195839,2067,4.0,3.948509784864724,3.948509784864724,4.052204945588688,3.945639293484848,-0.002870491379875866
195839,902,4.0,3.8361934446566703,3.8361934446566703,4.135680175424908,3.853831937417719,0.017638492761048702
94253,64957,4.0,3.8150130496197345,3.8150130496197345,4.477026443511451,3.82919673886536,0.014183689245625618
94253,69757,5.0,3.9451994024985435,3.9451994024985435,4.497819656470427,3.945877155402768,0.0006777529042243562
94253,47610,5.0,4.030991064833939,4.030991064833939,4.704890213208621,4.047294918595608,0.016303853761668697
94253,85414,4.5,3.976620080398858,3.976620080398858,4.507376739628486,3.98308270902597,0.0064626286271120045
94253,32,3.5,4.136504190491975,4.136504190491975,4.301916018196717,4.096441291879811,-0.04006289861216335
38024,724,3.0,3.436784359144509,3.436784359144509,3.636708920431108,3.4359277236689914,-0.000856635475517821
38024,246,5.0,4.361894401239693,4.361894401239693,5.0,4.356150782027896,-0.0057436192117974825
38024,1487,5.0,3.45399803154403,3.45399803154403,3.8812387341078005,3.4576191119309425,0.0036210803869126187
38024,1193,5.0,4.5414639138453605,4.5414639138453605,5.0,4.496638902133618,-0.044825011711741795
38024,800,3.0,4.39074164860183,4.39074164860183,5.0,4.386477869089183,-0.004263779512647006
188860,333,3.0,3.516903924273789,3.516903924273789,3.668705481476869,3.5293340036441445,0.012430079370355542
188860,5502,2.5,3.4052806370728614,3.4052806370728614,3.8721466217769502,3.362161143197615,-0.04311949387524642
188860,58806,2.5,3.212091790961564,3.212091790961564,3.3463949790920418,3.212616036044235,0.000524245082671093
188860,6331,2.5,4.109196799325288,4.109196799325288,4.548411455971314,4.118381784433157,0.009184985107869763
188860,86332,2.5,3.463240029739678,3.463240029739678,3.521069212719886,3.3587976155355066,-0.10444241420417141
26123,3972,4.0,3.535267206358254,3.535267206358254,3.7862784635585953,3.5359085860061588,0.0006413796479046352
26123,175693,3.5,3.592008280085862,3.592008280085862,4.131675832779063,3.592902121579261,0.000893841493399056
26123,6711,3.5,3.5974552356475,3.5974552356475,3.7943794051994844,3.6273222955614384,0.029867059913938593
26123,176371,3.5,3.7607848369353416,3.7607848369353416,4.345169799231043,3.785620705515472,0.024835868580130264
26123,7451,3.5,3.402250064986289,3.402250064986289,3.848633893320802,3.341637732329784,-0.06061233265650512
